,url,title
0,https://www.ebay.com/itm/225091122532?hash=item346879f564:g:YykAAOSw8p9i4C-U,Fine Super 120’s Wool Fabric in “Charcoal” Made in England for “LANVIN”= 0.97 m.
1,https://www.ebay.com/itm/222791680717?hash=item33df6b42cd:g:16AAAOSwWEZaV0ZP,DORMEUIL 95%WOOL+5%CASHMERE SUITING FABRIC“CASHMERE TOWNTX” MADE IN ENGLAND-3.4m
2,https://www.ebay.com/itm/225222988250?hash=item34705611da:g:Ix4AAOSwK6NjWUkN,"SUPER 120’s WOOL BLEND SUITING FABRIC IN ""Sage Colour"" MADE IN ENGLAND By Meter"
3,https://www.ebay.com/itm/325400707581?hash=item4bc364c1fd:g:5NAAAOSwHp5hTKG5,DORMEUIL “Amadeus” LUXURY WOOL SUITING FABRIC - 300 g/m - MADE IN ENGLAND= 2.7 m
4,https://www.ebay.com/itm/224497298849?hash=item344514eda1:g:KmsAAOSw2y1i8S2G,100% SUPER 130’s WOOL SUITING FABRIC IN “Dk. Navy” MADE IN ENGLAND = 3.4 m.
5,https://www.ebay.com/itm/321712908896?hash=item4ae7956a60:g:3yYAAOSwEeFVHEH9,DORMEUIL 'TROPICAL AMADEUS' LUXURY WOOL SUITING FABRIC - 3.4 m- MADE IN ENGLAND
6,https://www.ebay.com/itm/324151337428?hash=item4b78ece1d4:g:hAQAAOSwXQReqtTA,100% CASHMERE JACKETING FABRIC IN “Camel” - MADE IN SCOTLAND – 1.6 m.
7,https://www.ebay.com/itm/222819511656?hash=item33e113ed68:g:CIEAAOSw~o5acy0y,DORMEUIL SUPER 130’s MERINO WOOL SUITING FABRIC <AQUAPLAN> MADE IN ENGLAND- 3.4m
8,https://www.ebay.com/itm/223720462308?hash=item3416c757e4:g:7xgAAOSw14Zdsu8m,Dormeuil ‘Amadeus Jacketing’ LUXURY WOOL FABRIC – 2.0 m. - MADE IN ENGLAND
9,https://www.ebay.com/itm/323104180070?hash=item4b3a828766:g:9g4AAOSwmulalWQL,ULTRAFINE ALL WOOL MULTICHECK SUITING FABRIC–MADE IN HUDDERSFIELD ENGLAND= 3.4 m
10,https://www.ebay.com/itm/321940429348?hash=item4af5251a24:g:x-YAAOSwHQ9WYy58,"DORMEUIL 90% WOOL &10% MOHAIR SUITING ""Black"" FABRIC <TRAVELLER>- **See Below **"
11,https://www.ebay.com/itm/323724206694?hash=item4b5f776266:g:XPcAAOSws7Fcf6ms,100% PURE NEW WOOL DONEGAL TWEED JACKETING FABRIC – MADE IN SCOTLAND - 2.0 m.
12,https://www.ebay.com/itm/224001194197?hash=item342782f8d5:g:1IkAAOSwP4xeu80C,"SUPER 130’s WOOL & CASHMERE SUITING FABRIC ""IN Dim Grey"" =** 5 m. See below **"
13,https://www.ebay.com/itm/222473195852?hash=item33cc6f914c:g:M~sAAOSw3utY72et,"DORMEUIL 50%COTTON, 20%LINEN,15% WOOL,15% MOHAIR JACKETING FABRIC- **See Below**"
14,https://www.ebay.com/itm/322923455654?hash=item4b2fbce4a6:g:wGIAAOSwVA5aJoQ4,DORMEUIL 95% WOOL + 5% CASHMERE “VINTAGE” SUITING FABRIC “CASHMERE TOWNTX”-3.5 m
15,https://www.ebay.com/itm/324159978908?hash=item4b7970bd9c:g:1HwAAOSwP79etoP7,100% EXTRAFINE MERINO WOOL SUITING FABRIC MADE IN HUDDERSFIELD ENGLAND = 2.8 m.
16,https://www.ebay.com/itm/223433971584?hash=item3405b3d780:g:Y-sAAOSwMUpcfQtF,Super 120’s WOOL BLENDED LT. WEIGHT SUITING FABRIC MADE IN ENGLAND = 3.4 m.
17,https://www.ebay.com/itm/224234505398?hash=item34356b04b6:g:IGkAAOSwq85fs-B2,DORMEUIL “EXEL” MERINO WOOL SUITING FABRIC IN “Midnight & Cobalt Blue”=See Below
18,https://www.ebay.com/itm/324748946614?hash=item4b9c8bacb6:g:8HMAAOSwKNJhE8mh,"DORMEUIL 55% WOOL, 45% SILK JACKETING FABRIC BY Dormeuil –MADE IN ENGLAND- 2.0 m"
19,https://www.ebay.com/itm/225254892069?hash=item34723ce225:g:1-4AAOSwt0djdOQp,100% SUPER 120’s WOOL WORSTED SUITING FABRIC IN “Navy” – MADE IN ENGLAND –3.4 m
20,https://www.ebay.com/itm/323272362923?hash=item4b4488cbab:g:CzAAAOSwtXtbB~Om,DORMEUIL 95% WOOL + 5% CASHMERE “VINTAGE” SUITING FABRIC CASHMERE TOWNTEX -3.5 m
21,https://www.ebay.com/itm/323724493095?hash=item4b5f7bc127:g:k2kAAOSwbaxcf90k,100% PURE NEW WOOL COUNTRY CLASSIC TWEED “H.BONE WINDOWPANE” JACKETING FABRIC=2m
22,https://www.ebay.com/itm/325431919427?hash=item4bc5410343:g:iK8AAOSwr5VjejNU,Holland & Sherry 100% LUXURY MERINO WOOL SUITING FABRIC “Golf Trousers” = 1.6 m.
23,https://www.ebay.com/itm/325380916459?hash=item4bc236c4eb:g:TGYAAOSwkf5jR-mP,HARDY MINNIS WOOL AND CASHMERE JACKETING FABRIC = MADE IN ENGLAND = 2.41 m.
24,https://www.ebay.com/itm/223993269250?hash=item34270a0c02:g:fCQAAOSwLSxeqXWr,SUPER 120's WOOL AND CASHMERE SUITING FABRIC BY Joseph H. Clissold = 3.4 m.
25,https://www.ebay.com/itm/224692452191?hash=item3450b6bb5f:g:KVUAAOSwA01hkS~T,100% SUPER 130’s WOOL SUITING FABRIC IN “Savoy Blue” MADE IN ENGLAND = 3.4 m.
26,https://www.ebay.com/itm/224808394478?hash=item34579fdeee:g:eHkAAOSwilxh8VB-,"Reid & Taylor 100% SUPER 120’s WOOL ""THE ESKDALE COLLEC."" MADE IN SCOTLAND 3.4 m"
27,https://www.ebay.com/itm/322074521798?hash=item4afd2330c6:g:zAUAAOSw7KJXD4hM,"DORMEUIL 100% SUPER 120’s WOOL SUITING FABRIC ""TECNIK"" MADE IN ENGLAND - 3.4 m."
28,https://www.ebay.com/itm/225093644787?hash=item3468a071f3:g:MTYAAOSwJjNi4qHE,100% MERINO WOOL SUITING FABRIC MADE IN ENGLAND By: Joseph H. Clissold - 3.56 m.
29,https://www.ebay.com/itm/324137534778?hash=item4b781a453a:g:w1sAAOSwzRlemEjG,100% PURE WOOL WORSTED SUITING FABRIC “Lt./Semi Milled” -MADE IN ENGLAND = 3.4 m
30,https://www.ebay.com/itm/225031460189?hash=item3464eb955d:g:XsAAAOSw5mxiqdHq,"HOLLAND & SHERRY 100% SUPER 100's WOOL SUITING FABRIC “Snowy river"" = 1.75 m"
31,https://www.ebay.com/itm/324880637204?hash=item4ba4651d14:g:uUwAAOSwhcJhjoGw,BOWER ROEBUCK MERINO WOOL SUITING FABRIC = 400 g/m. = IN “Dk. Navy” = 3.4 m.
32,https://www.ebay.com/itm/224629415013?hash=item344cf4dc65:g:wvoAAOSwSkhhVbNu,100% WOOL WORSTED VINTAGE SUING FABRIC IN “PINSTRIPE” DESIGN – 1.29 m.
33,https://www.ebay.com/itm/323724269085?hash=item4b5f78561d:g:GiQAAOSwg~9cf7fh,100% PURE WOOL COUNTRY CLASSIC TWEED AS FANCY H. BONE JACKETING FABRIC - 2.0 m.
34,https://www.ebay.com/itm/323538314451?hash=item4b5462e4d3:g:y4MAAOSwG25b4tyH,100% SUPER 130’s WOOL WORSTED SUITING FABRIC MADE IN ENGLAND- 2.05+1.8= 3.85 m
35,https://www.ebay.com/itm/324163952886?hash=item4b79ad60f6:g:9l8AAOSwOxVeuqTg,100% WOOL WORSTED VINTAGE SUING FABRIC IN “PINSTRIPE” DESIGN – 3.0 m. = 370 g/m.
36,https://www.ebay.com/itm/223127979411?hash=item33f376c593:g:wqIAAOSwo2dbkDsu,ALL WOOL SUITING FABRIC IN“Faille Weave”MADE IN HUDDERSFIELD ENGLAND**See Below*
37,https://www.ebay.com/itm/322489201511?hash=item4b15dab367:g:js4AAOSwE0JY-NT4,100%SUPER 150’s WOOL< THE LION >SUITING FABRIC MADE IN HUDDERSFIELD ENGLAND-3.4m
38,https://www.ebay.com/itm/324899233204?hash=item4ba580ddb4:g:eGQAAOSwoWBhm6rR,JOHNSTONS OF ELGIN 100% CASHMERE “Mimi Pink” JACKETING/COATING FABRIC = 1.0 m.
39,https://www.ebay.com/itm/225034336019?hash=item3465177713:g:iUEAAOSwJm5irKOG,"100% WOOL (WORSTED SPUN) ""Flannel"" BLAZER FABRIC MADE IN ENGLAND = 2.44 m."
40,https://www.ebay.com/itm/325148124841?hash=item4bb456a6a9:g:kaoAAOSwQOBiWadh,KITON WOOL JACKETING FABRIC “Vintage” MADE IN SCOTLAND FOR KITON – 3.1 m.
41,https://www.ebay.com/itm/222770372837?hash=item33de2620e5:g:q5cAAOSwZW5aQlA8,DORMEUIL “ELECTRA” SUPERFINE WOOL SUITING FABRIC - MADE IN ENGLAND - 3.4 m.
42,https://www.ebay.com/itm/325406815063?hash=item4bc3c1f357:g:TVUAAOSwzilZ165D,DORMEUIL 100% SUPERFINE WOOL SUITING “HARMONY” FABRIC IN Grey = 4.4 m.
43,https://www.ebay.com/itm/225240719128?hash=item3471649f18:g:3eIAAOSwoxRjaRDF,100% SUPER 120’s WOOL SUITING FABRIC IN “Sharkskin” – MADE IN ENGLAND – 3.4 m.
44,https://www.ebay.com/itm/322153496226?hash=item4b01d83ea2:g:qwYAAOSwMNxXYma6,DORMEUIL 100% SUPER 120’s WOOL SUITING FABRIC “iconik” – MADE IN ENGLAND– 4.05m
45,https://www.ebay.com/itm/222419103664?hash=item33c9362fb0:g:9ZYAAOSwB-1YrslS,"Reid & Taylor SUPER 120’s WOOL ""THE ESKDALE COLLECTION"" MADE IN SCOTLAND - 3.4 m"
46,https://www.ebay.com/itm/223908607349?hash=item3421fe3575:g:v5UAAOSwJfVeRXr5,60% SUMMER KID MOHAIR & 40% SUPER 120’s WOOL SUITING FABRIC IN Payne's Grey–3.4m
47,https://www.ebay.com/itm/325342779172?hash=item4bbff0d724:g:ozMAAOSwkA5jIbqw,60% KID MOHAIR & 40% SUPER 100’s WOOL SUITING FABRIC = MADE IN ENGLAND – 3.75 m.
48,https://www.ebay.com/itm/325205419557?hash=item4bb7c0e625:g:0IwAAOSwKwRij2Wz,Scabal SUPER 110's WOOL SUITING FABRIC IN “Black & Navy/Persian Blue *See Below*
49,https://www.ebay.com/itm/323820216740?hash=item4b653061a4:g:iX8AAOSwXT9hsJ18,100% SUPERFNE MERINO WOOL SUITING FABRIC MADE IN ENGLAND – 3.4 m. **See Below**
50,https://www.ebay.com/itm/324371629899?hash=item4b860e474b:g:MNMAAOSw3~dfrVpg,"DORMEUIL 55% WOOL WORSTED, 45% SILK JACKETING FABRIC – MADE IN ENGLAND - 2.0 m"
51,https://www.ebay.com/itm/224629426016?hash=item344cf50760:g:tEAAAOSwqaRhVbTZ,Fine Super 150’s Wool Worsted Fabric in “Mid. Grey” Made in Italy = 0.96 m.
52,https://www.ebay.com/itm/324453471878?hash=item4b8aef1686:g:yjYAAOSwAxtgAaKB,Bower Roebuck SUPER 110’s WOOL & CASHMERE SUITING FABRIC = ** See Below **
53,https://www.ebay.com/itm/324138755215?hash=item4b782ce48f:g:d~AAAOSw3a5gDDy3,Hunt & Winterbotham 100% SUPER 150’s WOOL SUITING FABRIC IN “Dk. Navy” - 3.4 m.
54,https://www.ebay.com/itm/322505883802?hash=item4b16d9409a:g:M5sAAOSwT-FZDGaS,"DORMEUIL WOOL, SILK, CASHMERE SUITING FABRIC “ROYAL OPERA” MADE IN ENGLAND 3.4 m"
55,https://www.ebay.com/itm/325015073697?hash=item4bac6873a1:g:upMAAOSwQNdh790w,100% CASHMERE COATING FABRIC IN “Black/White Herringbone” MADE IN SCOTLAND = 1 m
56,https://www.ebay.com/itm/224477570745?hash=item3443e7e6b9:g:WO8AAOSwwW9gsSBo,John Foster SUPER 100's WOOL SUITING FABRIC = 345 g/m. = MADE IN ENGLAND= 2.77 m
57,https://www.ebay.com/itm/324345563760?hash=item4b84808a70:g:Y~wAAOSwYc5fkpyn,"60% KID MOHAIR & 40% WOOL SUITING FABRIC IN “Dark Navy"" MADE IN ENGLAND - 3.4 m."
58,https://www.ebay.com/itm/224697505829?hash=item345103d825:g:118AAOSws9BhlSJ4,"JOHNSTONS OF ELGIN 100% CASHMERE “Tan/Dun” COATING, JACKETING FABRIC = 3.69 m."
59,https://www.ebay.com/itm/224131766065?hash=item342f4b5731:g:upUAAOSwKBtfQ~4T,DORMEUIL “EXEL” MERINO WOOL WORSTED SUITING FABRIC - 3.4 m. - MADE IN ENGLAND
60,https://www.ebay.com/itm/222783875688?hash=item33def42a68:g:xEoAAOSwcwJfkVxi,DORMEUIL 95%WOOL+5%CASHMERE SUITING FABRIC“CASHMERE TOWNTX” MADE IN ENGLAND-3.4m
61,https://www.ebay.com/itm/325310387046?hash=item4bbe029366:g:1poAAOSwUCBi~1WF,Schofield & Smith CASHMERE & MINK JACKETING FABRIC MADE IN ENGLAND = 2.18 m.
62,https://www.ebay.com/itm/225232333466?hash=item3470e4aa9a:g:qysAAOSwKsljYReY,100% WOOL WORSTED SUITING FABRIC By “FINTEX of LONDON =MADE IN ENGLAND = 3.45 m
63,https://www.ebay.com/itm/324593292210?hash=item4b934493b2:g:LVcAAOSw-RNgh-d4,DORMEUIL SUPER 130’s MERINO WOOL SUITING FABRIC <AQUAPLAN> MADE IN ENGLAND=3.4 m
64,https://www.ebay.com/itm/225110064622?hash=item34699afdee:g:HOcAAOSw4qNi8Tg9,"Reid & Taylor 100% SUPER 120’s WOOL ""THE ESKDALE COLLEC."" MADE IN SCOTLAND =3.4m"
65,https://www.ebay.com/itm/324741438476?hash=item4b9c191c0c:g:nPIAAOSwrFVhC~qQ,100% EXTRAFINE MERINO WOOL SUITING FABRIC = 245 gram/metre = In “Navy” = 3.2 m.
66,https://www.ebay.com/itm/222860676663?hash=item33e3880e37:g:rl4AAOSwKH5alu91,"DORMEUIL 100% SUPER 120’s WOOL ""TECNIK"" SUITING FABRIC –2.25+1.75=4 m. See Below"
67,https://www.ebay.com/itm/322447129162?hash=item4b1358ba4a:g:9MsAAOSwfVpYwZ6B,FINEST WOOL SUITING (GABERDINE) FABRIC IN BLACK = 445 g/m =By Martin Sons- 3.4 m
68,https://www.ebay.com/itm/224034164898?hash=item34297a10a2:g:FewAAOSwAWJe2JSQ,"100% PURE NEW WOOL COUNTRY TWEED, CLASSIC WINDOWPANE JACKETING FABRIC = 2.25 m."
69,https://www.ebay.com/itm/323990798713?hash=item4b6f5b4179:g:Uo0AAOSwMi5d2q6j,HARDY MINNIS 100% ALL WOOL SUITING FABRIC IN “Anthracite” MADE IN ENGLAND- 3.4 m
70,https://www.ebay.com/itm/322980791998?hash=item4b3327c6be:g:4sYAAOSw8i9aT6mM,DORMEUIL 95% WOOL + 5% CASHMERE SUITING FABRIC “CASHMERE TOWNTX” - 3.4 m.
71,https://www.ebay.com/itm/324445126782?hash=item4b8a6fc07e:g:vzIAAOSwiBhf90YQ,Bower Roebuck 100% Wool Suiting Fabric in “Olive” = Made in England = 0.95 m.
72,https://www.ebay.com/itm/224766796131?hash=item3455252163:g:9B4AAOSw9S5hzgnB,KITON WOOL JACKETING FABRIC “Vintage” MADE IN SCOTLAND FOR KITON – 2.0 m.
73,https://www.ebay.com/itm/323956853795?hash=item4b6d554c23:g:EWgAAOSwT6ldsEEu,Dormeuil 100% WOOL ‘Amadeus Jacketing’ FABRIC – MADE IN ENGLAND - 2.05 m.
74,https://www.ebay.com/itm/324261336368?hash=item4b7f7b5530:g:mR4AAOSwHnhfNmLg,100% WOOL COUNTRY TWEED AS “WINDOWPANE” JACKETING FABRIC MADE IN SCOTLAND =2.2 m
75,https://www.ebay.com/itm/322502485902?hash=item4b16a5678e:g:6ssAAOSwdjNZCLr4,DORMEUIL ‘Amadeus Jacketing’ LUXURY WOOL FABRIC – 2.0 m. - MADE IN ENGLAND
76,https://www.ebay.com/itm/224213604059?hash=item34342c16db:g:C5gAAOSwH2tiJz9J,"SUPER 130’s WOOL & CASHMERE SUITING FABRIC IN ""Navy"" - MADE IN ENGLAND = 3.5 m."
77,https://www.ebay.com/itm/224349798520?hash=item343c4a4078:g:Z2cAAOSwagJgJrSD,SUPERFINE ALL WOOL SUITING FABRIC IN “Faille” BY J. H. Clissold =1.5 +1.5 = 3 m.
78,https://www.ebay.com/itm/325284477583?hash=item4bbc773a8f:g:Vt0AAOSw9~5i4TQc,HARDY MINNIS GENUINE 100% SUPER 180’s (14.5 Micron) WOOL SUITING FABRIC = 3.5 m.
79,https://www.ebay.com/itm/223433975820?hash=item3405b3e80c:g:M7MAAOSwkXhcfQ0S,Super 120’s WOOL BLENDED LT. WEIGHT SUITING FABRIC MADE IN ENGLAND = 3.4 m.
80,https://www.ebay.com/itm/225233880642?hash=item3470fc4642:g:Zp0AAOSwrIVjYox1,Josiah France SUPER 150's WOOL “VINTAGE” SUITING FABRIC IN “Dark Navy”– 3.4 m.
81,https://www.ebay.com/itm/325341895817?hash=item4bbfe35c89:g:T2MAAOSwd-9jIL9q,100% SUPER 120's WOOL SUITING FABRIC Lavender Pink By Clissold =2.25+1.62=3.87 m
82,https://www.ebay.com/itm/225112448918?hash=item3469bf5f96:g:U2YAAOSwxXxi85b8,100% SUPER 130’s WOOL SUITING FABRIC IN “Very Dk. Navy” MADE IN ENGLAND = 3.4 m.
83,https://www.ebay.com/itm/324099091779?hash=item4b75cfad43:g:zO0AAOSw~exeZ87h,Loro Piana 100% CASHMERE Teal Blue & Black Pattern JACKETING/COATING FABRIC= 2 m
84,https://www.ebay.com/itm/323877953189?hash=item4b68a15ea5:g:730AAOSwMHpdSZcH,John Foster SUPER 130’s WOOL WITH CASHMERE SUITING FABRIC -MADE IN ENGLAND-3.3 m
85,https://www.ebay.com/itm/221717923461?hash=item339f6b0685:g:Y4wAAOSw7aBVCE3F,DORMEUIL 70% SUPER 140’s & 30% KIRGYZ WHITE WOOL FABRIC–THE UNIQUE PRECIOUS FIBR
86,https://www.ebay.com/itm/324330861447?hash=item4b83a03387:g:nNAAAOSwiJlfhHIR,100% SUPER 80’s WOOL WORSTED “Vintage” SUITING FABRIC MADE IN ENGLAND - 2.48 m.
87,https://www.ebay.com/itm/324267683109?hash=item4b7fdc2d25:g:3iAAAOSwxddfPoAl,100% MERINO WOOL SUITING FABRIC MADE IN ENGLAND By: Joseph H. Clissold - 3.5 m.
88,https://www.ebay.com/itm/323725949561?hash=item4b5f91fa79:g:A48AAOSwjR5cgSfY,100% PURE NEW WOOL COUNTRY CLASSIC TWEED JACKETING FABRIC MADE IN SCOTLAND-1.97m
89,https://www.ebay.com/itm/225222410359?hash=item34704d4077:g:DBwAAOSwRZNjWNvO,Vitale Barberis Canonico SUPER 110’S WOOL SUITING FABRIC MADE IN ITALY = 3.4 m.
90,https://www.ebay.com/itm/224369880438?hash=item343d7cad76:g:JJAAAOSwF-tgPNwZ,John Foster SUPER 130’s WOOL WITH CASHMERE SUITING FABRIC -MADE IN ENGLAND=3.32m
91,https://www.ebay.com/itm/325005177525?hash=item4babd172b5:g:ThwAAOSwIFRh5~x8,"100% CASHMERE JACKETING FABRIC MADE IN SCOTLAND -305 g/m ""Cashmere Store""-2.05 m"
92,https://www.ebay.com/itm/222489120231?hash=item33cd628de7:g:294AAOSwSypZAKBd,100% SUPER 120’s WOOL SUITING FABRIC MADE IN ENGLAND BY: Taylor & Lodge - 3.4 m.
93,https://www.ebay.com/itm/325367382234?hash=item4bc16840da:g:X-8AAOSwIWVY-LBQ,Vitale Barberis Canonico SUPER 110’s WOOL SUITING FABRIC MADE IN ITALY = 5.1 m.
94,https://www.ebay.com/itm/324974527640?hash=item4ba9fdc498:g:GVcAAOSwck9h0znL,DORMEUIL 100% WOOL WORSTED SUITING FABRIC Amadeus 365 MADE IN ENGLAND - 1.0 m.
95,https://www.ebay.com/itm/222079203457?hash=item33b4f3b881:g:UVQAAOSwsN9XB5nr,"DORMEUIL SUPER 120’s WOOL SUITING FABRIC ""TECNIK"" – MADE IN ENGLAND - 4.1 m."
96,https://www.ebay.com/itm/324912163360?hash=item4ba6462a20:g:RoIAAOSwTulhpPo6,Holland & Sherry SUPER 120's WOOL WORSTED + TECHLANA SUITING FABRIC - 4.12 m.
97,https://www.ebay.com/itm/323850538899?hash=item4b66ff0f93:g:hW0AAOSwwIRdHbHX,100% MERINO WOOL Black SUITING FABRIC = 415 g/m = 1.95 m+1.5 m=3.45 m*See Below*
98,https://www.ebay.com/itm/224604355954?hash=item344b767d72:g:BSMAAOSwgB1iFh9d,HARDY MINNIS GENUINE 100% SUPER 180’s (14.5 Micron) WOOL SUITING FABRIC = 3.5 m.
99,https://www.ebay.com/itm/223434011678?hash=item3405b4741e:g:TRQAAOSwp-ZcfRBG,Super 120’s WOOL BLENDED LT. WEIGHT SUITING FABRIC MADE IN ENGLAND = 3.4 m.
100,https://www.ebay.com/itm/325424036450?hash=item4bc4c8ba62:g:2XsAAOSwlotjckfj,100% SUPER 120’s WOOL SUITING FABRIC IN “Micro Pinstripe” MADE IN ENGLAND = 3.4m
101,https://www.ebay.com/itm/224756982698?hash=item34548f63aa:g:OhEAAOSw7dthxdAH,100% MERINO WOOL SUITING FABRIC IN “Black” MADE IN ENGLAND By Clissold – 3.6 m.
102,https://www.ebay.com/itm/323142286416?hash=item4b3cc7fc50:g:T8QAAOSwp0paqU~2,DORMEUIL 100% SUPER 130’s MERINO WOOL WORSTED SUITING FABRIC <AQUAPLAN> - 3.35 m
103,https://www.ebay.com/itm/324226124825?hash=item4b7d620c19:g:MMAAAOSwvKBez-4k,WOOL & CASHMERE PRINCE OF WALES CHECK DESIGN JACKETING FABRIC = 2.0 m.
104,https://www.ebay.com/itm/325007074290?hash=item4babee63f2:g:r44AAOSw1dVirHFb,100% CASHMERE (WORSTED SPUN) SUITING FABRIC = MADE IN ENGLAND BY Learoyd= 4.81 m
105,https://www.ebay.com/itm/222499116184?hash=item33cdfb1498:g:bNMAAOSwONBZCyRw,SUPER 130’s WOOL Mid.WEIGHT SUITING FABRIC - Taylor & Lodge – ** See Below **
106,https://www.ebay.com/itm/324742611288?hash=item4b9c2b0158:g:uaQAAOSwZI1hDRZ0,SUPER 130’s WOOL WORSTED & CASHMERE SUITING FABRIC By J.H. Clissold **See Below*
107,https://www.ebay.com/itm/324382014419?hash=item4b86acbbd3:g:6B0AAOSwmFNft9CJ,DORMEUIL “Minuet” WOOL SUITING FABRIC IN “Black & & Mid. Sapphire Blue” = 3.4 m
108,https://www.ebay.com/itm/223942279758?hash=item342400024e:g:gwgAAOSwAa1eaNGi,"100% CASHMERE COATING, JACKETING FABRIC IN English Violet MADE IN SCOTLAND-2.75m"
109,https://www.ebay.com/itm/324350420218?hash=item4b84caa4fa:g:OdcAAOSwzztfmCFY,"HARRIS TWEED 100% WOOL ""HAND WOVEN TWEED"" JACKETING FABRIC MADE IN SCOTLAN-2.15m"
110,https://www.ebay.com/itm/324997674708?hash=item4bab5ef6d4:g:jxkAAOSwjoxh4sRP,Elysian LAMBSWOOL COATING FABRIC = 1030 g/m =MADE IN SCOTLAND FOR Max Mara =3.3m
111,https://www.ebay.com/itm/224027742771?hash=item3429181233:g:2XUAAOSwpWJe0Tqs,BOWER ROEBUCK 95% WOOL + 5% CASHMERE “Vintage” SUITING FABRIC - ** See Below **
112,https://www.ebay.com/itm/324905210224?hash=item4ba5dc1170:g:efkAAOSwtYddHzTc,100% WOOL Hopsack Weave JACKETING/TROUSER FABRIC = MADE IN ENGLAND - *See Below*
113,https://www.ebay.com/itm/223438750115?hash=item3405fcc1a3:g:PaUAAOSwykpcgPi6,100% PURE NEW WOOL COUNTRY CLASSIC TWEED AS “WINDOWPANE” JACKETING FABRIC= 1.9 m
114,https://www.ebay.com/itm/225186471685?hash=item346e28df05:g:5dUAAOSwF3JjODJ5,LAMBSWOOL & CASHMERE JACKETING FABRIC MADE IN ENGLAND BY Hunt & Winterbotham= 2m
115,https://www.ebay.com/itm/223205379501?hash=item33f813cdad:g:7LQAAOSwTJtb01im,100%MERINO WOOL “NANO WATER REPELLENT & LOW WEFT STRETCH “ SUITING FABRIC- 3.2 m
116,https://www.ebay.com/itm/323421098147?hash=item4b4d6650a3:g:fmEAAOSwfxFbh7vt,"Dormeuil 95% WOOL+5% CASHMERE “VINTAGE” SUITING FABRIC ""CASHM. TOWNT.- See Below"
117,https://www.ebay.com/itm/224515061400?hash=item344623f698:g:OScAAOSwxbBg2y2b,70% Wool & 30% Mohair Suiting Fabric in Wheat Colour = Made in England – 1.41 m.
118,https://www.ebay.com/itm/324451485353?hash=item4b8ad0c6a9:g:jUwAAOSw20ZhHON0,PURE NEW WOOL TWEED FABRIC IN “Herringbone Check” MADE IN SCOTLAND - *See Below*
119,https://www.ebay.com/itm/224492618835?hash=item3444cd8453:g:N74AAOSwKapgwfwC,DORMEUIL “ SUPER 130’s WOOL & LINEN” SUITING FABRIC “CALYPSO COLLECTION”– 1.96 m
120,https://www.ebay.com/itm/225258596030?hash=item34727566be:g:vGwAAOSwKZ9jd6Fr,SUPER 150’s WOOL BLEND SUITING FABRIC IN Dk. Myrtle Green MADE IN ENGLAND = 3.4m
121,https://www.ebay.com/itm/225212123522?hash=item346fb04982:g:U2UAAOSw~J5jT7yC,100% WOOL WORSTED SUITING FABRIC IN “Black” By “FINTEX of LONDON = 3.45 m.
122,https://www.ebay.com/itm/324637512987?hash=item4b95e7551b:g:ypkAAOSwGhxgqM-c,SUPER 130's WOOL WORSTED AND CASHMERE SUITING FABRIC = MADE IN ENGLAND = 1.5 m.
123,https://www.ebay.com/itm/224697516170?hash=item345104008a:g:Fc8AAOSw6ehhlSXb,"JOHNSTONS OF ELGIN 100% CASHMERE COATING FABRIC IN ""Fluorescent Blue"" = 2.48 m."
124,https://www.ebay.com/itm/324202355594?hash=item4b7bf75b8a:g:SYgAAOSwkcVe60Hv,DORMEUIL 80% WOOL + 20% SILK “Hopsack Weave” SUITING FABRIC – ** See Below **
125,https://www.ebay.com/itm/323724385331?hash=item4b5f7a1c33:g:9KwAAOSwccdcf8rZ,"DORMEUIL 95 %WOOL, 5% CASHMERE VINTAGE SUITING FABRIC SHARKSKIN WITH CHECK -3.4m"
126,https://www.ebay.com/itm/223991065964?hash=item3426e86d6c:g:9PwAAOSwZbJepstF,Scabal 100% SUPER 120's “Vintage” SUITING WOOL FABRIC MADE IN ENGLAND – 2.74 m.
127,https://www.ebay.com/itm/222281346200?hash=item33c1002c98:g:Rm8AAOSwPCVYAKgJ,DORMEUIL 100% SUPER 120’s WOOL SUITING FABRIC ‘TECNIK’ –MADE IN ENGLAND- 3. 39 m
128,https://www.ebay.com/itm/224336303900?hash=item343b7c571c:g:ouQAAOSwQndgGE6a,100% SUPER 120's WOOL WORSTED SUITING FABRIC BY Joseph J. H. Clissold = 3.4 m.
129,https://www.ebay.com/itm/221960430861?hash=item33addf650d:g:jKgAAOSw7FRWYxkE,"DORMEUIL “KRONO” LUXURY WOOL SUITING FABRIC ""Silver Grey"" MADE IN ENGLAND=5.35 m"
130,https://www.ebay.com/itm/225204022531?hash=item346f34ad03:g:dioAAOSwTxpjSAyQ,"DORMEUIL 70% MOHAIR & 30% WOOL JACKETING FABRIC ""MAGIC"" MADE IN ENGLAND =2.58 m"
131,https://www.ebay.com/itm/325300798911?hash=item4bbd7045bf:g:v2wAAOSw4jFi88jv,Holland & Sherry 100% SUPER 120's WOOL WORSTED SUITING FABRIC - 2.2 m.
132,https://www.ebay.com/itm/323721070426?hash=item4b5f47875a:g:obIAAOSwjlBcfQ4O,Super 120’s WOOL BLENDED LT. WEIGHT SUITING FABRIC MADE IN ENGLAND = 3.4 m.
133,https://www.ebay.com/itm/324879150787?hash=item4ba44e6ec3:g:RRYAAOSwB7ZhjVod,100% WOOL SUITING FABRIC MADE IN HUDDERSFIELD ENGLAND = 2.05 m.
134,https://www.ebay.com/itm/225258341101?hash=item34727182ed:g:H~kAAOSwZBJjd3bE,Holland & Sherry 100% SUPER 120's WOOL SUITING FABRIC * TARGET * = 3.9 m.
135,https://www.ebay.com/itm/325291112523?hash=item4bbcdc784b:g:zk4AAOSwTeZi6RlO,Learoyd 98% SUPER 120's WOOL + 2% CASHMERE SUITING FABRIC –MADE IN ENGLAND-3.82m
136,https://www.ebay.com/itm/222616054531?hash=item33d4f36b03:g:v4cAAOSwyLtZlYjh,60% SUMMER KID MOHAIR & 40% WOOL “Black” SUITING FABRIC MADE IN ENGLAND - 3.4 m.
137,https://www.ebay.com/itm/324680941866?hash=item4b987e012a:g:EmAAAOSwZI9gy2cP,100% Wool Fabric in Anthracite “Lt. Milled” - Made in England = 2.5 m.
138,https://www.ebay.com/itm/323869083945?hash=item4b681a0929:g:omYAAOSwJ9RdOygs,John Foster SUPER 130’s WOOL WORSTED SUITING FABRIC IN “Very Dk. Navy” = 3.4 m.
139,https://www.ebay.com/itm/324728141097?hash=item4b9b4e3529:g:1DoAAOSwaGpg~oLe,"DORMEUIL WOOL & SILK JACKETING, SUITING FABRIC ""Dorsilk"" MADE IN ENGLAND = 2.0 m"
140,https://www.ebay.com/itm/223992393093?hash=item3426fcad85:g:2KAAAOSwQzVeqFkw,"WOOL AND MOHAIR SUITING FABRIC IN ""Steel Blue/UCLA Blue"" MADE IN ENGLAND – 3.4 m"
141,https://www.ebay.com/itm/325339316286?hash=item4bbfbc003e:g:oKgAAOSwv4xjHdG-,Holland & Sherry 100's WOOL WORSTED SUITING FABRIC “Classic Worsted” = 3.8 m.
142,https://www.ebay.com/itm/324051147505?hash=item4b72f41af1:g:XEwAAOSwXrleKcNb,"HARDY MINNIS 100% ALL WOOL FRESCO SUITING FABRIC IN ""BLACK/WHITE"" **See Below**"
143,https://www.ebay.com/itm/323794768672?hash=item4b63ac1320:g:W9cAAOSw8bdcydue,100% WOOL WITH “CREASE RESISTANCE” SUITING FABRIC “Very Dk. Navy= 335 g/m= 3.4 m
144,https://www.ebay.com/itm/322815601510?hash=item4b294f2b66:g:e5YAAOSw7eFZ224p,DORMEUIL 100% WOOL WORSTED SUITING “HARMONY” FABRIC IN Navy Blue Nailhead- 3.4 m
145,https://www.ebay.com/itm/223951406156?hash=item34248b444c:g:QVAAAOSwZVpcXBdF,WOOL WORSTED & MOHAIR SUITING FABRIC - MADE IN ENGLAND – 2.75 m + 1.5 m = 4.25 m
146,https://www.ebay.com/itm/222819499874?hash=item33e113bf62:g:QHwAAOSwAWlacypY,"DORMEUIL “ECLIPSE” 90% SUPER 150’s WOOL & 10% SILK , BLACK SUITING FABRIC- 3.4 m"
147,https://www.ebay.com/itm/324134577802?hash=item4b77ed268a:g:wiQAAOSwx1FgJqtU,"DORMEUIL 95% WOOL + 5% CASHMERE “VINTAGE” SUITING FABRIC “CASHMERE TOWNTX"" 3.5 m"
148,https://www.ebay.com/itm/225007036277?hash=item346376e775:g:6BcAAOSwRVpikjt3,Holland & Sherry 100% SUPER 120's WOOL SUITING FABRIC Dk Navy *TARGET* = 3.4 m.
149,https://www.ebay.com/itm/325095593369?hash=item4bb1351599:g:TjYAAOSwgt9iK0va,"DORMEUIL ""Amaadeus 365 JACKETING"" LUXURY WOOL FABRIC - MADE IN ENGLAND = 2.1 m."
150,https://www.ebay.com/itm/222086576187?hash=item33b564383b:g:KNIAAOSwiYFXD4ZJ,DORMEUIL 'Amaadeus 365 JACKETING' LUXURY WOOL FABRIC - 2.0 m. - MADE IN ENGLAND
151,https://www.ebay.com/itm/324370025905?hash=item4b85f5cdb1:g:CrQAAOSwdtxfrAQX,DORMEUIL 47% WOOL WORSTED + 53% COTTON “Hopsack Weave” JACKETING FABRIC– 2.0 m.
152,https://www.ebay.com/itm/224128204957?hash=item342f15009d:g:Dq4AAOSwyZhfQQ1k,100% MERINO WOOL WORSTED SUITING FABRIC MADE IN ENGLAND By: J.H Clissold– 3.73 m
153,https://www.ebay.com/itm/224482026833?hash=item34442be551:g:fTcAAOSwIOZgtk18,Dunhill WOOL “Vintage” SUITING FABRIC = 310 g/m. = MADE IN ENGLAND **See Below**
154,https://www.ebay.com/itm/324976100822?hash=item4baa15c5d6:g:Ih8AAOSwBahh1G5H,"DORMEUIL WOOL & CASHMERE “VINTAGE” SUITING FABRIC “CASHMERE TOWNTX"" = 3.5 m."
155,https://www.ebay.com/itm/225206761429?hash=item346f5e77d5:g:ZrQAAOSws4djSqLi,100% SUPER 160's WOOL & CASHMERE SUITING FABRIC = MADE IN ENGLAND = 1.7 m.
156,https://www.ebay.com/itm/223017814146?hash=item33ece5c882:g:wQQAAOSwyedbIk3Q,DORMEUIL <PANORAMIC MOHAIR> 85% WOOL WORSTED & 15% MOHAIR SUITING FABRIC- 3.35 m
157,https://www.ebay.com/itm/324978500206?hash=item4baa3a626e:g:rowAAOSw5Flh2B5C,Vitale Barberis Canonic SUPER110’S WOOL SUITING FABRIC = MADE IN ITALY = 3.4 m.
158,https://www.ebay.com/itm/324222973967?hash=item4b7d31f80f:g:bqIAAOSw67RfBbcU,"100% LAMBSWOOL CLASSIC HERRINGBONES TWEED, MID RANGE JACKETING FABRIC = 1.82 m."
159,https://www.ebay.com/itm/323219479254?hash=item4b4161dad6:g:crUAAOSwSn1a24Fq,WOOL CRAPE (Crêpe) LADIES SUITING FABRIC “Chocolate Brown”–MADE IN ENGLAND-3.48m
160,https://www.ebay.com/itm/221915201445?hash=item33ab2d3fa5:g:NOsAAOSw14xWINV6,DORMEUIL 'AMADEUS 365' LUXURY WOOL JACKETING FABRIC - 2.4 m. - MADE IN ENGLAND
161,https://www.ebay.com/itm/322964950960?hash=item4b32360fb0:g:iTAAAOSwAaJaROxh,"DORMEUIL 95% WOOL+ 5% CASHMERE “VINTAGE” SUITING FABRIC “CASHMERE TOWNTX""-4.05 m"
162,https://www.ebay.com/itm/324958604327?hash=item4ba90acc27:g:eHQAAOSwAVFhxcyR,60% KID MOHAIR & 40% SUPER 100’s WOOL SUITING FABRIC = 290 g/m. = *See Below*
163,https://www.ebay.com/itm/223353274111?hash=item3400e47eff:g:FZwAAOSw7StcUcWd,Super 120’s WOOL BLENDED LT. WEIGHT SUITING FABRIC MADE IN ENGLAND = 3.4 m.
164,https://www.ebay.com/itm/222072149806?hash=item33b488172e:g:UQMAAOSwiylW~sZZ,"DORMEUIL SUPER120’s WOOL SUITING FABRIC ""TECNIK"" – MADE IN ENGLAND - 3.4 m."
165,https://www.ebay.com/itm/223709634732?hash=item34162220ac:g:7JUAAOSwAO5dqF~3,100% PURE NEW WOOL COUNTRY CLASSIC TWEED AS “WINDOWPANE” JACKETING FABRIC - 2 m.
166,https://www.ebay.com/itm/224634600461?hash=item344d43fc0d:g:ER0AAOSwzERhWw68,100% SUPER 100’s WOOL SUITING FABRIC in “Anthracite” - MADE IN ENGLAND = 2.95 m.
167,https://www.ebay.com/itm/225034282495?hash=item346516a5ff:g:zNAAAOSw5BJirJVX,100% PURE NEW WOOL “Vintage” SUITING FABRIC –MADE IN HUDDERSFIELD ENGLAND= 3.74m
168,https://www.ebay.com/itm/223458229724?hash=item340725fddc:g:wnYAAOSw7ilclj3X,WOOL + TREVIRA & KID MOHAIR (as 2-Ply) SUITING FABRIC - Made in England = 3.65 m
169,https://www.ebay.com/itm/323684640353?hash=item4b5d1ba661:g:HSMAAOSwDK9cXBlP,WOOL WORSTED & MOHAIR SUITING FABRIC - MADE IN ENGLAND = 3.7 m.
170,https://www.ebay.com/itm/325390809241?hash=item4bc2cdb899:g:7NgAAOSwQLhjUWcP,100% SUPER 120’s WOOL WORSTED JACKETING FABRIC – MADE IN ENGLAND – 1.55 m.
171,https://www.ebay.com/itm/223353105245?hash=item3400e1eb5d:g:2uMAAOSwo6NcUbL0,Super 120’s WOOL BLENDED LT. WEIGHT SUITING FABRIC = MADE IN ENGLAND = 4.3 m.
172,https://www.ebay.com/itm/224654795555?hash=item344e782323:g:jJYAAOSwOLFhcCOd,100% CASHMERE “MELTON” “Dk. Navy” JACKETING FABRIC - MADE IN ENGLAND – 1.38 m.
173,https://www.ebay.com/itm/225096287591?hash=item3468c8c567:g:NB8AAOSwcoxi5Oe8,100% SUPER 130’s WOOL SUITING “Black Herringbone” FABRIC - (2.37+0.98) = 3.35 m.
174,https://www.ebay.com/itm/225093758443?hash=item3468a22deb:g:ZqUAAOSwSQxi4rzt,100% WOOL “Venetian” SUITING FABRIC IN Black BY J H Clissold - 4.05 m = 435 g/m.
175,https://www.ebay.com/itm/324388104448?hash=item4b8709a900:g:RKEAAOSweR9fvQJr,"Dormeuil WOOL FLANNEL COATING, BLAZER FABRIC IN “English violet""= 570 g/m =2.92m"
176,https://www.ebay.com/itm/225112680980?hash=item3469c2ea14:g:Ky4AAOSw1fli9Ofl,"Reid & Taylor 100% SUPER 120’s WOOL ""THE ESKDALE COLLEC."" MADE IN SCOTLAND =3.4m"
177,https://www.ebay.com/itm/324927101197?hash=item4ba72a190d:g:H1AAAOSw84Vhr32G,"100% MERINO WOOL SUITING FABRIC IN ""Black & Olivine"" MADE IN ENGLAND = 3.42 m."
178,https://www.ebay.com/itm/322965207007?hash=item4b3239f7df:g:QVMAAOSw6MNaRhim,DORMEUIL 85% WOOL15% MOHAIR “WEFT STRETCH” SUITING FABRIC MADE IN ENGLAND- 3.4 m
179,https://www.ebay.com/itm/324435684107?hash=item4b89dfab0b:g:j4sAAOSwl6Rf606w,DORMEUIL 100% SUPER 120’s WOOL SUITING FABRIC ‘TECNIK’ – MADE IN ENGLAND= 4.15 m
180,https://www.ebay.com/itm/223476592955?hash=item34083e313b:g:XCMAAOSwkXtcrLxv,"100% SUPERFNE MERINO WOOL SUITING FABRIC IN ""Dk. Navy""– 400 g/m *See Below*=3.4m"
181,https://www.ebay.com/itm/223732024349?hash=item341777c41d:g:OVEAAOSw4FtdvV2P,100% CASHMERE JACKETING FABRIC IN “Camel Shade” MADE IN SCOTLAND – 1.12 m
182,https://www.ebay.com/itm/224877386090?hash=item345bbc996a:g:X4MAAOSw80xiKNsp,DORMEUIL 'Amaadeus 365 JACKETING' LUXURY WOOL FABRIC - 1.8+(1.85+0.55)= 4.2 m.**
183,https://www.ebay.com/itm/222744923142?hash=item33dca1cc06:g:sFMAAOSwO7haJuNv,DORMEUIL 100% SUPERFINE WOOL SUITING “HARMONY” FABRIC - MADE IN ENGLAND - 3.4 m.
184,https://www.ebay.com/itm/223528556281?hash=item340b5716f9:g:IcsAAOSw7aZc5~lT,Reid & Taylor 100% ESCORIAL JACKETING FABRIC = MADE IN SCOTLAND - 2.1 m.
185,https://www.ebay.com/itm/224797151990?hash=item3456f452f6:g:sWwAAOSwZXth5uK4,100% CASHMERE COATING FABRIC MADE IN SCOTLAND BY “Cashmere Store” – 2.4 m.
186,https://www.ebay.com/itm/223536319224?hash=item340bcd8af8:g:2agAAOSw8Tpc8SpX,"100% SUPERFNE WOOL SUITING FABRIC IN ""YInMn Blue/Black"" AS SHARKSKIN = 3.5 m."
187,https://www.ebay.com/itm/324549950719?hash=item4b90af3cff:g:WCcAAOSwQWhgZfoO,"John Cooper SUPER 130's WOOL SUITING FABRIC IN ""BLACK"" = 2.74 m +1.6 m = 4.34 m."
188,https://www.ebay.com/itm/225184974925?hash=item346e12084d:g:5BoAAOSw6UdjNuit,Holland & Sherry 100% SUPER 120's WOOL WORSTED SUITING FABRIC * TARGET *= 3.45 m
189,https://www.ebay.com/itm/323301092998?hash=item4b463f2e86:g:akgAAOSw0cJbIk~3,DORMEUIL 100% WOOL “TRAVEL JACKETING” FABRIC BY Dormeuil MADE IN ENGLAND– 2.28 m
190,https://www.ebay.com/itm/325414911673?hash=item4bc43d7eb9:g:ETMAAOSw~chjaRRi,Vitale Barberis Canonico SUPER 140’s WOOL SUITING FABRIC MADE IN ITALY = 2.0 m.
191,https://www.ebay.com/itm/224323572213?hash=item343aba11f5:g:szkAAOSw87VgCXJf,Wrinkle Free Wool & Cashmere Suiting Fabric in “Mid. Olive”Made in England=1.5 m
192,https://www.ebay.com/itm/222692992400?hash=item33d9896590:g:mREAAOSwr1tZ8Lrt,DORMEUIL 100% WOOL SUITING FABRIC “HARMONY” IN Black/White Nailhead - 3.4 m.
193,https://www.ebay.com/itm/224658796620?hash=item344eb5304c:g:o2IAAOSwBplhc~9k,100% MERINO WOOL SUITING FABRIC IN “Geometric Pattern” CHUNKY FINISH=*See Below*
194,https://www.ebay.com/itm/322066307552?hash=item4afca5d9e0:g:VF8AAOSwSzdXBkMW,"DORMEUIL SUPER120’s WOOL SUITING FABRIC ""TECNIK’– MADE IN ENGLAND- 3.4 m."
195,https://www.ebay.com/itm/323809546025?hash=item4b648d8f29:g:oQsAAOSwz39c3t6V,DORMEUIL 'Amaadeus 365 JACKETING' LUXURY WOOL FABRIC - 2.15 m. - MADE IN ENGLAND
196,https://www.ebay.com/itm/223765102322?hash=item3419707ef2:g:GMcAAOSwtgxd2rFb,100% SUPER 130’s WOOL SUITING FABRIC IN Black MADE IN Huddersfield England–3.4 m
197,https://www.ebay.com/itm/221917798686?hash=item33ab54e11e:g:SIAAAOSwkApfgGq9,DORMEUIL“DORSILK & CASHMERE' LUXURY JACKETING FABRIC = MADE IN ENGLAND - 2.15 m.
198,https://www.ebay.com/itm/224801709083?hash=item345739dc1b:g:WzcAAOSwMgFh6tW9,100% CASHMERE COATING FABRIC IN “Rebecca Purple” MADE IN SCOTLAND = 3.7 m.
199,https://www.ebay.com/itm/323884168313?hash=item4b69003479:g:w24AAOSwslJdVAc8,WOOL (SUPER 130's) & CASHMERE SUITING FABRIC –MADE IN ENGLAND BY Pepper Lee=5.3m
200,https://www.ebay.com/itm/222495075436?hash=item33cdbd6c6c:g:8iwAAOSwONBZBzSj,"PURE NEW WOOL COUNTRY TWEED, SPORTING CLASSIC WINDOWPANE JACKETING FABRIC- 2.0 m"
201,https://www.ebay.com/itm/222767858656?hash=item33ddffc3e0:g:YRIAAOSwrhBZA2EZ,"DORMEUIL “Barathea” WOOL SUITING FABRIC in ""Mid. Brown""- 3.4 m.- MADE IN ENGLAND"
202,https://www.ebay.com/itm/323430759768?hash=item4b4df9bd58:g:x3kAAOSwM9xbj6L7,DORMEUIL 100% SUPER 130’s MERINO WOOL WORSTED SUITING FABRIC <AQUAPLAN> - 3.4 m.
203,https://www.ebay.com/itm/225133200422?hash=item346afc0426:g:qJcAAOSwVJVjBm~r,Vitale Barberis Canonico SUER 110’s WOOL SUITING FABRIC = MADE IN ITALY = 3.5 m.
204,https://www.ebay.com/itm/325019862544?hash=item4bacb18610:g:KTgAAOSwWU9h88fs,100% SUPER 120's WOOL SUITING FABRIC BY Joseph H. Clissold = 3.35 m *See Below*
205,https://www.ebay.com/itm/322050829434?hash=item4afbb9ac7a:g:nQMAAOSwxp9W9Cmn,DORMEUIL Amaadeus '365 JACKETING' LUXURY WOOL FABRIC - 2.0 m.- MADE IN ENGLAND
206,https://www.ebay.com/itm/224427295986?hash=item3440e8c4f2:g:lrAAAOSwkEJgeW2O,Fine Super 120’s Merino Wool Fabric in Dark Navy Colour = 1.1 m.
207,https://www.ebay.com/itm/324351906341?hash=item4b84e15225:g:978AAOSwg0NjDkjJ,60% SUMMER KID MOHAIR & 40% SUPER 120’s WOOL SUITING FABRIC MADE IN ENGLAND-3.4m
208,https://www.ebay.com/itm/325319969739?hash=item4bbe94cbcb:g:b9gAAOSwZIljCe2A,HARDY MINNIS GENUINE 100% SUPER 180’s (14.5 Micron) WOOL SUITING FABRIC = 4.5 m.
209,https://www.ebay.com/itm/322485349552?hash=item4b159fecb0:g:esoAAOSwtZJY86Z~,100% SUPER 150’s WOOL THE LION SUITING FABRIC = MADE IN ENGLAND - 3.36 m.
210,https://www.ebay.com/itm/322482297671?hash=item4b15715b47:g:XRYAAOSwU8hY72XE,DORMEUIL 70% SUPER 140’s & 30% KIRGYZ WHITEⓇ WOOL SUITING FABRIC – 3.4 m.
211,https://www.ebay.com/itm/224522439168?hash=item3446948a00:g:rvgAAOSwOo9g4v8-,100% PURE NEW WOOL DONEGAL TWEED FABRIC – MADE IN HUDDERSFIELD ENGLAND – 1.85 m.
212,https://www.ebay.com/itm/322980786572?hash=item4b3327b18c:g:TIkAAOSw8H1aT6gE,DORMEUIL 95% WOOL + 5% CASHMERE SUITING FABRIC “CASHMERE TOWNTX” - 3.4 m
213,https://www.ebay.com/itm/224026673322?hash=item342907c0aa:g:QT0AAOSwW5Jez~EW,100% WOOL WORSTED “Vintage” JACKETING FABRIC - MADE IN ENGLAND = 2.34 m.
214,https://www.ebay.com/itm/324839183144?hash=item4ba1ec9328:g:SsQAAOSwE0NhbqyT,Elysian 100% WOOL COATING FABRIC = 730 g/m =MADE IN SCOTLAND FOR Max Mara =2.33m
215,https://www.ebay.com/itm/325340545815?hash=item4bbfcec317:g:hq8AAOSwrdtjH0Zx,DORMEUIL 100% SUPER 120’s WOOL SUITING FABRIC ‘TECNIK’ MADE IN ENGLAND = 4.87 m
216,https://www.ebay.com/itm/221724174156?hash=item339fca674c:g:-pMAAOSw34FVEY8N,DORMEUIL 70% SUPER 140’s & 30% KIRGYZ WHITEⓇ WOOL SUITING FABRIC - 3.4 m.
217,https://www.ebay.com/itm/324135546704?hash=item4b77fbef50:g:n5sAAOSwqNdelbTO,"100% WOOL COUNTRY TWEED, SPORTING CLASSIC MULTICHECK DESIGN JACKETING FABRIC-2 m"
218,https://www.ebay.com/itm/224398682423?hash=item343f342937:g:OawAAOSwqshgW4PW,100% PURE NEW WOOL TWEED FABRIC IN “Herringbone Design” MADE IN SCOTLAND- 2.54 m
219,https://www.ebay.com/itm/224427318150?hash=item3440e91b86:g:BxYAAOSw-PFgeXRz,Fine Super 120’s Merino Wool Fabric in Dark Navy Colour Made in England = 1.0 m.
220,https://www.ebay.com/itm/224876982862?hash=item345bb6724e:g:1a4AAOSwZNBiKKBD,Vitale Barberis Canonico SUPER 140’s WOOL SUITING FABRIC MADE IN ITALY = 4.7 m.
221,https://www.ebay.com/itm/325412744424?hash=item4bc41c6ce8:g:6o8AAOSwNEtjaNzz,"SUPER 120’s WOOL BLEND SUITING FABRIC IN ""Reseda Green"" MADE IN ENGLAND = 3.4 m."
222,https://www.ebay.com/itm/225038012817?hash=item34654f9191:g:Ox0AAOSw5u5isEMX,Kiton 100% CASHMERE (WOOLLEN/WORSTED) JACKETING FABRIC – MADE IN SCOTLAND = 2 m.
223,https://www.ebay.com/itm/325324749904?hash=item4bbeddbc50:g:P70AAOSwjghjDyLX,60% SUMMER KID MOHAIR & 40% SUPER 100’s WOOL SUITING FABRIC MADE IN ENGLAND 3.2m
224,https://www.ebay.com/itm/225186444056?hash=item346e287318:g:zVUAAOSwXcFjOCl2,100% CASHMERE JACKETING COATING FABRIC Caramel MADE IN ITALY BY Bellaroba 2.5 m
225,https://www.ebay.com/itm/224630643525?hash=item344d079b45:g:vyQAAOSwULxhVvo5,"WAIN SHIELL 100% WOOL SUITING, JACKETING FABRIC - MADE IN ENGLAND – *See Below*"
226,https://www.ebay.com/itm/324670373214?hash=item4b97dcbd5e:g:l08AAOSwy0xgwh~7,"DORMEUIL 67% WOOL & 33% SILK JACKETING FABRIC ""Dorsilk Red"" Check/Plaid =2.25 m"
227,https://www.ebay.com/itm/322809251869?hash=item4b28ee481d:g:yV4AAOSwojdbQxYs,DORMEUIL 95% WOOL + 5% CASHMERE SUITING FABRIC “CASHMERE TOWNTX” = 3.4 m
228,https://www.ebay.com/itm/222055722802?hash=item33b38d6f32:g:MsUAAOSwwpdW6X0b,DORMEUIL SUPER120’s WOOL SUITING FABRIC ‘TECNIK’ = (2.32 m. + 1.69 m.) = 4.01 m.
229,https://www.ebay.com/itm/224989321920?hash=item3462689ac0:g:I50AAOSw6CtigkT8,"100% WOOL WORSTED CLASSIC SUITING FABRIC “Classic Prince of Wales"" **See Below**"
230,https://www.ebay.com/itm/224489581992?hash=item34449f2da8:g:BLYAAOSw4ulgvm4u,"DORMEUIL 95% WOOL+ 5% CASHMERE “VINTAGE” SUITING FABRIC “CASHMERE TOWNTX""- 3.4 m"
231,https://www.ebay.com/itm/324137853676?hash=item4b781f22ec:g:LXgAAOSwE-VemetO,HARDY MINNIS Super 130’s WOOL SUITING FABRIC MADE IN Huddersfield ENGLAND-3.52 m
232,https://www.ebay.com/itm/223072623347?hash=item33f02a1af3:g:sBwAAOSw8VNbVeLb,100% ALL WOOL “Light Milled” BLACK SUITING FABRIC MADE IN ENGLAND - 3.4 m.
233,https://www.ebay.com/itm/225164748267?hash=item346cdd65eb:g:HsoAAOSwA2pjI1yR,DORMEUIL 100% SUPER 110’s WOOL WORSTED SUITING FABRIC Amadeus 365 =*See Below*
234,https://www.ebay.com/itm/225226226118?hash=item34708779c6:g:LLAAAOSwKFNjW7BQ,DORMEUIL 95% WOOL& 5% MOHAIR JACKETING FABRIC Marian Blue MADE IN ENGLAND=2.2m
235,https://www.ebay.com/itm/223870496926?hash=item341fb8b09e:g:vQ0AAOSwd1deKb5B,"100% SUPER 130's WOOL WORSTED SUITING FABRIC IN ""Brown"" –MADE IN ENGLAND= 4.57 m"
236,https://www.ebay.com/itm/324069872147?hash=item4b7411d213:g:smwAAOSwzKpeuV0I,60% SUMMER KID MOHAIR & 40% SUPER 120’s WOOL SUITING FABRIC MADE IN ENGLAND-3.4m
237,https://www.ebay.com/itm/224416461569?hash=item3440437301:g:e0oAAOSwocZgbuU1,100% WOOL WORSTED “Vintage” SUITING FABRIC IN “Tan” MADE IN ENGLAND = 1.95 m.
238,https://www.ebay.com/itm/223937191706?hash=item3423b25f1a:g:CO0AAOSwFnVeYQ7s,ULTRAFINE ALL WOOL SUITING FABRIC –MADE IN HUDDERSFIELD ENGLAND= 3.4 m = 305 g/m
239,https://www.ebay.com/itm/224306594803?hash=item3439b703f3:g:TA4AAOSwmlpf9ZHf,KITON LAMBSWOOL JACKETING FABRIC IN “Check Design” MADE IN SCOTLAND = 2.36 m.
240,https://www.ebay.com/itm/324171288438?hash=item4b7a1d4f76:g:IBwAAOSw4XpexB3S,100% Wool Jacobite Clan Pattern Fabric in Medium weight Made in Scotland- 2.35 m
241,https://www.ebay.com/itm/222492828921?hash=item33cd9b24f9:g:T4MAAOSwt0FZBMe4,DORMEUIL 'Amaadeus 365 JACKETING' LUXURY WOOL FABRIC - 2.0 m. - MADE IN ENGLAND
242,https://www.ebay.com/itm/225091117565?hash=item346879e1fd:g:DmgAAOSwtfdi4C2p,SUPER 150’s WOOL AND CASHMERE SUITING FABRIC = 245 g/m.= MADE IN ENGLAND – 1.05m
243,https://www.ebay.com/itm/223280371384?hash=item33fc8c16b8:g:~T4AAOSwl5JcD~Z0,HARRIS TWEED 100% WOOL HAND WOVEN TWEED JACKETING FABRIC MADE IN SCOTLAND = 2 m.
244,https://www.ebay.com/itm/323040950613?hash=item4b36bdb955:g:kgMAAOSwWOJiYXkn,DORMEUIL 95% WOOL + 5% CASHMERE SUITING FABRIC “CASHMERE TOWNTX” - 3.4 m
245,https://www.ebay.com/itm/223720313031?hash=item3416c510c7:g:bZsAAOSwhfNdstGU,Dormeuil ‘Amadeus Jacketing’ LUXURY WOOL FABRIC – 2.0 m. - MADE IN ENGLAND
246,https://www.ebay.com/itm/223472670969?hash=item34080258f9:g:oxwAAOSwSOlcp4Zc,"100% SUPER 120's WOOL SUITING ""2/2 TWILL"" FABRIC =MADE IN ENGLAND =**See Below**"
247,https://www.ebay.com/itm/323725648510?hash=item4b5f8d627e:g:CXYAAOSw3eRcgOvg,WOOL & CASHMERE CLASSIC SUITING/JACKETING FABRIC IN “Prince of Wales” = 2.45 m.
248,https://www.ebay.com/itm/225069995980?hash=item34673797cc:g:xioAAOSwRuZizDB2,100% WOOL SUITING FABRIC IN “Geometric Pattern” MADE IN ENGLAND = 2.27 m.
249,https://www.ebay.com/itm/324738616549?hash=item4b9bee0ce5:g:~U0AAOSwN7Vi4OHx,60% KID MOHAIR & 40% SUPER 100’s WOOL SUITING FABRIC - MADE IN ENGLAND – 3.4 m.
250,https://www.ebay.com/itm/324536941714?hash=item4b8fe8bc92:g:YeEAAOSwE2tgWxqr,SUPER 120’s WOOL WORSTED SUITING FABRIC IN Navy MADE IN ENGLAND = 3.4 m.
251,https://www.ebay.com/itm/322493273540?hash=item4b1618d5c4:g:0z8AAOSwIWVY~fhX,DORMEUIL 100% SUPER 120’s WOOL SUITING FABRIC “iconik” = **See Below**
252,https://www.ebay.com/itm/323594044534?hash=item4b57b54476:g:uj4AAOSwIbtcD~hm,"HARRIS TWEED 100% WOOL ""HAND WOVEN TWEED"" JACKETING FABRIC MADE IN SCOTLAND =2 m"
253,https://www.ebay.com/itm/322793041586?hash=item4b27f6eeb2:g:zzMAAOSwejRZzlzA,DORMEUIL 45% WOOL 40% MOHAIR 15% SILK SUITING FABRIC – MADE IN ENGLAND - 3.4 m.
254,https://www.ebay.com/itm/224373433512?hash=item343db2e4a8:g:av0AAOSwtsRgQLWq,WOOL & MOHAIR SUITING FABRIC - MADE IN ENGLAND – = 0.8 m. Width X 3.65 m. Length
255,https://www.ebay.com/itm/224797072583?hash=item3456f31cc7:g:YrgAAOSwvGZh5tVO,100% CASHMERE JACKETING FABRIC MADE IN SCOTLAND BY “Cashmere Store” – 2.1 m.
256,https://www.ebay.com/itm/224610669617?hash=item344bd6d431:g:564AAOSwZIZhQdfP,SUPER 100’s WOOL & SILK SUITING FABRIC - 340 g/m. BY Joseph H. Clissold – 3.4 m
257,https://www.ebay.com/itm/224289393949?hash=item3438b08d1d:g:bUQAAOSw8d5f4g6O,100% SUPER 120’s WOOL WORSTED SUITING FABRIC MADE IN HUDDRSFIELD ENGLAND- 1.65 m
258,https://www.ebay.com/itm/324646680836?hash=item4b96733904:g:D-IAAOSwu~Vgr8UU,KITON 100% WOOL JACKETING “Vintage” FABRIC MADE IN SCOTLAND FOR KITON – 3.76 m.
259,https://www.ebay.com/itm/224686364889?hash=item345059d8d9:g:gbsAAOSwYfZhjA9f,KITON 100% WOOL JACKETING “Vintage” FABRIC MADE IN SCOTLAND FOR KITON – 2.0 m.
260,https://www.ebay.com/itm/223429995187?hash=item3405772ab3:g:TJsAAOSwRYNceYD0,Super 120’s WOOL BLENDED LT. WEIGHT SUITING FABRIC - MADE IN ENGLAND = 3.4 m.
261,https://www.ebay.com/itm/223579814391?hash=item340e6539f7:g:KbIAAOSwUuJdI3or,100% PURE NEW WOOL WORSTED SUITING/JACKETING FABRIC MADE IN ENGLAND = 5.15 m.
262,https://www.ebay.com/itm/225034364975?hash=item346517e82f:g:jEQAAOSw7jBirKr2,SUPER 200's WOOL WORSTED AND CASHMERE SUITING FABRIC = MADE IN ENGLAND = 3.6 m.
263,https://www.ebay.com/itm/225129754008?hash=item346ac76d98:g:fwYAAOSw30VjA0D3,BOWER ROEBUCK LAMBSWOOL + CASHMERE JACKETING FABRIC IN “Olive/Dk. Brown”= 2.17 m
264,https://www.ebay.com/itm/325359263381?hash=item4bc0ec5e95:g:5asAAOSwdlRjMuhi,SUPER 130's WOOL SUITING FABRIC IN “Navy H. Bone” MADE IN ENGLAND=1.05+1.03=2.08
265,https://www.ebay.com/itm/224233256279?hash=item343557f557:g:ZJUAAOSwnKlfrrbN,"DORMEUIL 55% WOOL, 45% SILK JACKETING FABRIC BY Dormeuil –MADE IN ENGLAND- 2.0 m"
266,https://www.ebay.com/itm/225031437307?hash=item3464eb3bfb:g:epQAAOSwY0Riqcwo,"HOLLAND & SHERRY 100% SUPER 130's WOOL SUITING FABRIC “TARGET COLLECTION"" 2.25 m"
267,https://www.ebay.com/itm/224698730759?hash=item3451168907:g:LF8AAOSw0J5hlkeJ,"JOHNSTONS OF ELGIN 100% CASHMERE ""Dark Navy"" COATING/JACKETING FABRIC = 2.6 m."
268,https://www.ebay.com/itm/324621204809?hash=item4b94ee7d49:g:P7EAAOSw4K5gnSoD,"100% WOOL WORSTED SUITING, JACKETING FABRIC IN “Indigo Dye” COLOUR – 2.27 m."
269,https://www.ebay.com/itm/223724794060?hash=item34170970cc:g:PTwAAOSwzUxb0GaY,"100% WOOL CLASSIC SUITING, JACKETING MADE IN ENGLAND BY W HALSTEAD=1.5+1.4=2.9 m"
270,https://www.ebay.com/itm/323918807355?hash=item4b6b10c13b:g:hL4AAOSwtRNdgNZi,100% SUPERFINE MERINO WOOL SUITING FABRIC IN “Black” – MADE IN ENGLAND = 3.2 m.
271,https://www.ebay.com/itm/324174067668?hash=item4b7a47b7d4:g:tfIAAOSw1bpex8C2,"DORMEUIL 'Amadeus' LUXURY WOOL JACKETING, SUITING FABRIC IN Resolution Blue= 2 m"
272,https://www.ebay.com/itm/222484509317?hash=item33cd1c3285:g:Il8AAOSwE0JY-1nT,DORMEUIL 'TROPICAL AMADEUS' LUXURY WOOL SUITING FABRIC - 3.4 m.- MADE IN ENGLAND
273,https://www.ebay.com/itm/325085875369?hash=item4bb0a0cca9:g:gdsAAOSwFrRiI4fT,"100% WOOL (WORSTED & WOOLLEN SPUN) ""Melton"" JACKETING/BLAZER FABRIC =*See Below*"
274,https://www.ebay.com/itm/223437841993?hash=item3405eee649:g:GE4AAOSwf4Bcf~2E,100% PURE NEW WOOL COUNTRY CLASSIC TWEED IN“OLIVINE MIXTURE”JACKETING FABRIC=2 m
275,https://www.ebay.com/itm/324687054032?hash=item4b98db44d0:g:wicAAOSwxD1g0fAv,100% PURE WOOL WORSTED SUITING/BLAZER FABRIC = 405 g/m =MADE IN ENGLAND = 2.25 m
276,https://www.ebay.com/itm/325234478784?hash=item4bb97c4ec0:g:PxUAAOSwSONircFH,"100% WOOL COUNTRY TWEED, WINDOWPANE DESIGN JACKETING FABRIC = By meter: 1.0 m."
277,https://www.ebay.com/itm/325283587966?hash=item4bbc69a77e:g:rT4AAOSwGAti4DEW,"Minova Super 110’s Wool ""Hopsack Weave"" Made in England By Minova – 1.49 m."
278,https://www.ebay.com/itm/325426947198?hash=item4bc4f5247e:g:55MAAOSw13JjdQzX,100% SUPER 100’s WOOL SUITING FABRIC AS Gabardine in Black MADE IN ENGLAND 3.4 m
279,https://www.ebay.com/itm/324085329880?hash=item4b74fdafd8:g:iQoAAOSwwgVeVtii,100% EXTRAFINE MERINO WOOL SUITING FABRIC IN “Anthracite” MADE IN ENGLAND-3.58 m
280,https://www.ebay.com/itm/324407957484?hash=item4b883897ec:g:rnwAAOSwGb9fzhUP,John Cooper SUPER 160's WOOL SUITING FABRIC IN “Black” MADE IN ENGLAND = 1.95 m.
281,https://www.ebay.com/itm/325237760231?hash=item4bb9ae60e7:g:QHYAAOSwFYxisWcn,HOLLAND & SHERRY 100% WOOL JACKETING FABRIC “SHERRY TWEED COLLECTION” – 2.4 m.
282,https://www.ebay.com/itm/224475993723?hash=item3443cfd67b:g:3QAAAOSwf-hgr1-B,HARDY MINNIS WOOL + CASHMERE & SILK JACKETING FABRIC - MADE IN ENGLAND – 1.9 m.
283,https://www.ebay.com/itm/324017421773?hash=item4b70f17dcd:g:fyYAAOSwNlld-1pe,Abraham Moon PURE NEW WOOL TWEED JACKETING FABRIC –MADE IN ENGLAND BY MOON - 2 m
284,https://www.ebay.com/itm/224801699438?hash=item345739b66e:g:JJ4AAOSwOpFh6tMw,100% CASHMERE COATING FABRIC IN “Olivine/Mid Olive” MADE IN SCOTLAND = 2.2 m.
285,https://www.ebay.com/itm/223123487266?hash=item33f3323a22:g:p8AAAOSwHzdbh73K,"Dormeuil 95% WOOL+5% CASHMERE “VINTAGE” SUITING FABRIC ""CASHMERE TOWNTEX""- 3.4 m"
286,https://www.ebay.com/itm/324666608980?hash=item4b97a34d54:g:m~gAAOSwwJdgv24k,DORMEUIL 85% WOOL + 15% MOHAIR “LOW WEFT STRETCH” SUITING FABRIC IN Brown =3.4 m
287,https://www.ebay.com/itm/223318339384?hash=item33fecf6f38:g:6nkAAOSwWUBcNiFA,100% SUPERFNE MERINO WOOL SUITING FABRIC MADE IN ENGLAND – 3.4 m. **See Below**
288,https://www.ebay.com/itm/225034502141?hash=item346519fffd:g:w1MAAOSwFFRirMZN,"WAIN SHIELL 100% WOOL SUITING, JACKETING FABRIC MADE IN ENGLAND – **See Below**"
289,https://www.ebay.com/itm/323714455006?hash=item4b5ee295de:g:kjUAAOSw0lhcd9zW,Super 120’s WOOL BLENDED LT. WEIGHT SUITING FABRIC MADE IN ENGLAND = 3.5 m.
290,https://www.ebay.com/itm/224002150459?hash=item342791903b:g:ciEAAOSw4OFes~OC,"WOOL WORSTED BARATHEA TUXEDO SUITING FABRIC IN ""Dk. Navy"" = 370 g/m.=*See Below*"
291,https://www.ebay.com/itm/324815391461?hash=item4ba0818ae5:g:u8UAAOSw0x1hWveI,HARDY MINNIS GENUINE 100% SUPER 180’s (14.5 Micron) WOOL SUITING FABRIC = 3.5 m.
292,https://www.ebay.com/itm/323972555524?hash=item4b6e44e304:g:RhcAAOSwfttdxDDZ,"SUPER 120’s WOOL SUITING FABRIC IN ""Anthracite"" MADE IN HUDDERSFIELD ENGLAND-3 m"
293,https://www.ebay.com/itm/223352873890?hash=item3400de63a2:g:-iwAAOSwd7FcUaC9,WOOL WORSTE & MOHAIR SUITING FABRIC MADE IN ENGLAND – 4.05 m. = **See Below **
294,https://www.ebay.com/itm/324017416693?hash=item4b70f169f5:g:O7UAAOSwKhpd-1h8,Abraham Moon PURE NEW WOOL TWEED JACKETING FABRIC –MADE IN ENGLAND BY MOON - 2 m
295,https://www.ebay.com/itm/223932058821?hash=item3423640cc5:g:NgUAAOSwScNeWsix,100% PURE NEW WOOL JACKETING FABRIC IN “CKECK” –1.51 m+0.67 m= 2.18 m *See Below
296,https://www.ebay.com/itm/225161668005?hash=item346cae65a5:g:AtkAAOSweyhjIGMe,HARDY MINNIS GENUINE 100% SUPER 180’s (14.5 Micron) WOOL SUITING FABRIC = 3.5 m.
297,https://www.ebay.com/itm/324442456870?hash=item4b8a470326:g:Bg8AAOSwr8Vf9GV4,HOLLAND & SHERRY SUPER 100’s WOOL & SUMMER KID MOHAIR SUITING FABRIC **See Below
298,https://www.ebay.com/itm/224371364349?hash=item343d9351fd:g:bGoAAOSwt5ZgPmN-,John Foster SUPERFINE MERINO WOOL LT WEIGHT SUITING FABRIC MADE IN ENGLAND=3.3 m
299,https://www.ebay.com/itm/324218595896?hash=item4b7cef2a38:g:fcIAAOSw8Tte~2bb,100% All Wool Suiting Fabric in “Anthracite Shade” Made in England = 1.82 m.
300,https://www.ebay.com/itm/324362300286?hash=item4b857feb7e:g:JtoAAOSw~HpfpB7e,"60% KID MOHAIR & 40% WOOL SUITING FABRIC IN ""Sandy Tan"" MADE IN ENGLAND - 3.4 m."
301,https://www.ebay.com/itm/224312900983?hash=item343a173d77:g:tnIAAOSwiAZf~IVi,100% MERINO WOOL WORSTED SUITING FABRIC IN “Anthracite” MADE IN ENGLAND= 3.55 m.
302,https://www.ebay.com/itm/224073536248?hash=item342bd2d2f8:g:4pUAAOSwWuJfBv5z,ULTRAFINE ALL WOOL SUITING FABRIC –MADE IN HUDDERSFIELD ENGLAND- 3.5 m.= 320 g/m
303,https://www.ebay.com/itm/324583513757?hash=item4b92af5e9d:g:inkAAOSwOkZggBUY,"100% SUPER 130’s WOOL SUITING FABRIC MADE IN ENGLAND = Width: 80 cm. = 31.5"""
304,https://www.ebay.com/itm/323834399401?hash=item4b6608caa9:g:BhsAAOSw74pdA8vy,CHARLES CLAYTON SUPER 150's WOOL & CASHMERE SUITING FABRIC IN DK NAVY= See Below
305,https://www.ebay.com/itm/225094000554?hash=item3468a5dfaa:g:VAcAAOSwDFFdHcwi,"DORMEUIL 'Amadeus 365' LUXURY WOOL CHARCOAL FABRIC IN ""Herringbone"" *See Below*"
306,https://www.ebay.com/itm/324745194144?hash=item4b9c526aa0:g:RoQAAOSwDAphEBDz,Dunhill SUPER 120’s WOOL “Vintage” SUITING FABRIC = 235 g/m. = ** See Below **
307,https://www.ebay.com/itm/325351149011?hash=item4bc0708dd3:g:t90AAOSwOU9jKud0,"Reid & Taylor SUPER 120’s WOOL ""THE ESKDALE COLLECTION"" MADE IN SCOTLAND - 3.4 m"
308,https://www.ebay.com/itm/324889853419?hash=item4ba4f1bdeb:g:q5AAAOSwOAFhlPR2,JOHNSTONS OF ELGIN 100% CASHMERE “Rusty Brown Mélange” JACKETING FABRIC = 2.0 m.
309,https://www.ebay.com/itm/325276534357?hash=item4bbbfe0655:g:rcEAAOSw8aBi2AKw,Scabal 100% SUPER 120’s WOOL SUITING FABRIC MADE IN ENGLAND – 1.6 m.
310,https://www.ebay.com/itm/323990825746?hash=item4b6f5bab12:g:G9AAAOSwkYld2rlA,100% SUPER 130’s WOOL SUITING FABRIC IN Navy MADE IN Huddersfield England– 3.4 m
311,https://www.ebay.com/itm/224708919108?hash=item3451b1ff44:g:kRcAAOSwcpBhnmxR,"BOWER ROEBUCK SUPER 120’s WOOL & CASHMERE JACKETING FABRIC IN “Navy"" - 1.85 m."
312,https://www.ebay.com/itm/223999036391?hash=item3427620be7:g:82AAAOSw9jxesB53,100% EXTRAFINE MERINO WOOL WORSTED SUITING FABRIC MADE IN ENGLAND – 3.45 m.
313,https://www.ebay.com/itm/224196424736?hash=item343325f420:g:vt8AAOSw~bBfiXzd,SUPER 120’s WOOL HIGH TWIST JACKETING FABRIC MADE IN HUDDERSFIELD ENGLAND-2.22 m
314,https://www.ebay.com/itm/322824905969?hash=item4b29dd24f1:g:YhwAAOSwivJZ4NeA,"DORMEUIL 95% WOOL+ 5% CASHMERE “VINTAGE” SUITING FABRIC “CASHMERE TOWNTX""- 3.4 m"
315,https://www.ebay.com/itm/225115296256?hash=item3469ead200:g:aVMAAOSw6nFi9jmu,100% SUPER 120's WOOL SUITING FABRIC IN “Beaver” = MADE IN ENGLAND = 2.87 m.
316,https://www.ebay.com/itm/325276546433?hash=item4bbbfe3581:g:ehsAAOSwegpi2Adh,SUPER 150’s WOOL AND CASHMERE SUITING FABRIC = 200 g/m= MADE IN ENGLAND – 0.92 m
317,https://www.ebay.com/itm/322508129472?hash=item4b16fb84c0:g:79sAAOSwY3BZDwdv,60%SUMMER KID MOHAIR & 40%WOOL“UCLA Blue” SUITING FABRIC MADE IN ENGLAND - 3.5 m
318,https://www.ebay.com/itm/221895058720?hash=item33a9f9e520:g:l7AAAOSwjBVcyviN,DORMEUIL 70% SUPER 140’s & 30% KIRGYZ WHITEⓇ WOOL WORSTED SUITING FABRIC - 3.4 m
319,https://www.ebay.com/itm/325416068328?hash=item4bc44f24e8:g:9UMAAOSwB9RjajtM,SUPER 150’s WOOL BLEND SUITING FABRIC IN Dk. Airforce Blue MADE IN ENGLAND =3.4m
320,https://www.ebay.com/itm/222669572001?hash=item33d82407a1:g:7M4AAOSw~jpZ16sp,DORMEUIL 95%WOOL+5%CASHMERE SUITING FABRIC“CASHMERE TOWNTX” MADE IN ENGLAND-3.4m
321,https://www.ebay.com/itm/324171893996?hash=item4b7a268cec:g:WGwAAOSw1N1exP0z,DORMEUIL 'Amadeus' LUXURY WOOL SUITING FABRIC - MADE IN ENGLAND= 300 g/m = 3.4 m
322,https://www.ebay.com/itm/224461232573?hash=item3442ee99bd:g:fX8AAOSw4jFgnlv8,CHARLES CLAYTON SUPER 150's WOOL & CASHMERE SUITING FABRIC = 330 g/m. = 3.4 m.
323,https://www.ebay.com/itm/222419111013?hash=item33c9364c65:g:kTsAAOSwfVpYrsuR,Reid & Taylor 100% SUPER120’s WOOL SUITING FABRIC = MADE IN SCOTLAND - 3.4 m.
324,https://www.ebay.com/itm/322015810694?hash=item4af9a35486:g:lHQAAOSwPc9WywCu,Reid & Taylor 100% PUER NEW WOOL COATING FABRI AS MELTON MADE IN SCOTLAND- 2.5 m
325,https://www.ebay.com/itm/224150807689?hash=item34306de489:g:ayAAAOSwMldfWNxc,"WAIN SHIELL SUPER 100’s WOOL “Vintage"" SUITING FABRIC = MADE IN ENGLAND– 2.4 m."
326,https://www.ebay.com/itm/222774821411?hash=item33de6a0223:g:Sd0AAOSwUn9aRpef,DORMEUIL “HARMONY” 100% SUPERFINE WOOL SUITING FABRIC – MADE IN ENGLAND - 5.85 m
327,https://www.ebay.com/itm/225205263450?hash=item346f479c5a:g:wboAAOSwtHNjSTtw,DORMEUIL 100% SUPER 120’s WOOL SUITING FABRIC ‘TECNIK’ –MADE IN ENGLAND = 2.26 m
328,https://www.ebay.com/itm/324140234483?hash=item4b784376f3:g:EZ8AAOSwlNpem~7Y,"100% PURE LINEN JACKETING, SUITING FABRIC MADE IN ENGLAND– Width: 75 cm.= 29.53"""
329,https://www.ebay.com/itm/222783897854?hash=item33def480fe:g:fXkAAOSwWMhaT6r3,DORMEUIL 100% WOOL SUITING FABRIC IN NAVY “Check” DESIGN =* See Below*
330,https://www.ebay.com/itm/324496332306?hash=item4b8d7d1612:g:rmwAAOSwbuFgNRu6,WOOL & KID MOHAIR SUITING FABRIC IN “Black” Made for S. T. Dupont =**See Below**
331,https://www.ebay.com/itm/324608494719?hash=item4b942c8c7f:g:W0wAAOSwuidglCBq,Vitale Barberis Canonico SUPER110’s WOOL SUITING FABRIC MADE IN ITALY = 3.4 m.
332,https://www.ebay.com/itm/223437668515?hash=item3405ec40a3:g:k1EAAOSw~Tdcf-qJ,100% PURE NEW WOOL COUNTRY CLASSIC TWEED AS “WINDOWPANE” JACKETING FABRIC = 2 m.
333,https://www.ebay.com/itm/325211660801?hash=item4bb8202201:g:dicAAOSwo1hiVAoy,KITON 100% WOOL JACKETING “Vintage” FABRIC MADE IN SCOTLAND FOR KITON – 2.0 m.
334,https://www.ebay.com/itm/324535489164?hash=item4b8fd2928c:g:XacAAOSwFHFgWfjY,"100% SUPER 130’s WOOL WORSTED SUITING FABRIC IN “Anthracite/Charcoal Grey""=3.4 m"
335,https://www.ebay.com/itm/323834923549?hash=item4b6610ca1d:g:WuwAAOSwIKZdBKHT,DORMEUIL “Amadeus” LUXURY WOOL “VINTAGE LOOK” SUITING FABRIC - 3.4 m.
336,https://www.ebay.com/itm/324040603240?hash=item4b72533668:g:hVAAAOSw5G9eG3wF,WILLIAM HALSTEAD WOOL CAVALRY TWILL FABRIC Black = Width: 80 cm = 730 g/m=1.0 m
337,https://www.ebay.com/itm/324581739651?hash=item4b92944c83:g:XHUAAOSwPWNgfs72,Fine Super 150’s Wool & Cashmere Fabric in Cocoa Brown -Made in England = 1.14 m
338,https://www.ebay.com/itm/324573120154?hash=item4b9210c69a:g:EHgAAOSwJVlgeFa6,Super 140’s Wool & Cashmere Fabric in “Pistachio/Tea Green Made in England=1.84m
339,https://www.ebay.com/itm/322580883285?hash=item4b1b51a755:g:D1UAAOSw6ShZXhgd,"HARRISONS OF EDINBURGH ""FINE CLASSIC"" WOOL SUITING FABRIC MADE IN ENGLAND= 3.4 m"
340,https://www.ebay.com/itm/222010289414?hash=item33b0d82d06:g:w2kAAOSwvUlWrNUF,60%KID MOHAIR & 40%WOOL SUITING FABRIC MADE IN ENGLAND BY William Halstead 3.4 m
341,https://www.ebay.com/itm/325088947227?hash=item4bb0cfac1b:g:6L4AAOSwSzxiJi1l,Fine Super 150’s Wool Worsted & Cashmere Fabric Made in England = 1.0 m.
342,https://www.ebay.com/itm/225175166289?hash=item346d7c5d51:g:PQ0AAOSwDatjLZPR,Reid & Taylor WOOL (95%) & LINEN (5%) JACKETING FABRIC MADE IN SCOTLAND = 2.0 m.
343,https://www.ebay.com/itm/325085646323?hash=item4bb09d4df3:g:Ux4AAOSwz2NiI0pQ,"Dormeuil SUPER 120’s, MOHAIR, CASHMERE FLANNEL ICE SUITING FABRIC 1.5+1.4=2.9 m."
344,https://www.ebay.com/itm/222727874898?hash=item33db9da952:g:2eMAAOSwbw1aFDlf,100% SUPER 150’s WOOL THE LION SUITING FABRIC = MADE IN ENGLAND - 1.82 m.
345,https://www.ebay.com/itm/225039710071?hash=item3465697777:g:UzoAAOSw1CJisd2j,60% SUMMER KID MOHAIR & 40% WOOL SUITING FABRIC “Vantablack MADE IN ENGLAND-3.4m
346,https://www.ebay.com/itm/323278262434?hash=item4b44e2d0a2:g:HbQAAOSwvjBbDSUV,100% PURE WOOL WORSTED BLAZER FABRIC - MADE IN ENGLAND -2.0 m.
347,https://www.ebay.com/itm/322082479270?hash=item4afd9c9ca6:g:p~YAAOSw1DtXGKjU,"DORMEUIL SUPER120’s WOOL SUITING FABRIC ""TECNIK"" - MADE IN ENGLAND - 3.4 m."
348,https://www.ebay.com/itm/223190370766?hash=item33f72ec9ce:g:NB0AAOSw~2hbxID5,"DORMEUIL COTTON, LINEN, WOOL, MOHAIR SUITING JACKETING FABRIC - 2.0 m."
349,https://www.ebay.com/itm/224603043405?hash=item344b62764d:g:9HMAAOSwPGNhOexr,HARDY MINNIS GENUINE 100% SUPER 180’s (14.5 Micron) WOOL SUITING FABRIC = 3.4 m.
350,https://www.ebay.com/itm/223801568844?hash=item341b9cee4c:g:kIoAAOSwce1d-keo,Abraham Moon PURE NEW WOOL DONEGAL TWEED FABRIC –MADE IN ENGLAND BY MOON - 2.0 m
351,https://www.ebay.com/itm/324152825145?hash=item4b79039539:g:xSgAAOSwnTterF33,100% SUPER 130’s WOOL WORSTED SUITING FABRIC MADE IN ENGLAND= 2.67 m **See Below
352,https://www.ebay.com/itm/224296432920?hash=item34391bf518:g:s9MAAOSwj7lf6gIz,DORMEUIL 100% SUPER 120’s WOOL SUITING FABRIC ‘TECNIK’ – MADE IN ENGLAND= 4.86 m
353,https://www.ebay.com/itm/322115038788?hash=item4aff8d6e44:g:JlkAAOSwYSlfGcAo,100% FINEST SUPER 110's PURE NEW WOOL SUITING FABRIC – MADE IN ENGLAND – 3.45 m.
354,https://www.ebay.com/itm/324004390203?hash=item4b702aa53b:g:wssAAOSw8dJd6nnZ,HARDY MINNIS 100% ALL WOOL SUITING FABRIC MADE IN Huddersfield ENGLAND – 3.4 m
355,https://www.ebay.com/itm/224887539501?hash=item345c57872d:g:14wAAOSwiaZiMGSf,KITON 100% WOOL JACKETING “Vintage” FABRIC MADE IN SCOTLAND FOR KITON – 2.3 m.
356,https://www.ebay.com/itm/324691290058?hash=item4b991be7ca:g:vhkAAOSwL1dg1jzN,SUPER 120's WOOL & CASHMERE SUITING FABRIC “Chalk Stripe” MADE IN ENGLAND-1.44 m
357,https://www.ebay.com/itm/222360959225?hash=item33c5bef8f9:g:NCsAAOSwopRYZVeF,100% PURE CASHMERE JACKETING/SUITING FABRIC - MADE IN SCOTLAND – 3.2 m.
358,https://www.ebay.com/itm/324907163946?hash=item4ba5f9e12a:g:hx0AAOSwXExhoQaw,100% SUPER 120’s ALL WOOL “Lt. Weight” SUITING FABRIC MADE IN ENGLAND = 3.4 m.
